{
 "0": {
  "id": "PR07",
  "r0": 100.000195,
  "ur0": 0.000023,
  "kr0": 2.23,
  "t0": 23.005,
  "ut0": 0.008,
  "alfa": -0.000000079,
  "beta": -0.000000019,
  "imax": 0.003
 },
 "1": {
  "id": "PR06",
  "r0": 99.999981,
  "ur0": 0.000015,
  "kr0": 2.28,
  "t0": 25.75,
  "ut0": 0,
  "alfa": 0,
  "beta": -0.0000000721,
  "imax": 0.003
 },
 "2": {
  "id": "PT16",
  "r0": 1.00000175,
  "ur0": 6.07e-07,
  "kr0": 3.31,
  "t0": 23,
  "ut0": 0,
  "alfa": -0.0000002103,
  "beta": -0.0000000161,
  "imax": 0.0100
 },
 "3": {
  "id": "PT17",
  "r0": 10.000007,
  "ur0": 0.0000192,
  "kr0": 4.53,
  "t0": 23,
  "ut0": 0,
  "alfa": 3.79e-07,
  "beta": -2.46e-08,
  "imax": 0.0100
 },
 "4": {
  "id": "PT20",
  "r0": 10000.228097,
  "ur0": 3.45e-2,
  "kr0": 13.97,
  "t0": 23,
  "ut0": 0,
  "alfa": 0.000000028,
  "beta": -0.000000012,
  "imax": 0.000219
 },
 "5": {
  "id": "teste",
  "r0": 10000.2539,
  "ur0": 0.0073,
  "kr0": 13.97,
  "t0": 23.005,
  "ut0": 0.008,
  "alfa": 0.000000028,
  "beta": -0.000000012,
  "imax": 0.000219
 }
}