{
 "0": {
  "id": "PR07",
  "r0": 100.000195,
  "ur0": 0.0000226,
  "kr0": 2.23,
  "t0": 23.005,
  "ut0": 0.008,
  "alfa": 0.000000379,
  "beta": -2.46e-8,
  "imax": 0.100
 },
 "1": {
  "id": "PR06",
  "r0": 99.0000076,
  "ur0": 1.4e-06,
  "kr0": 2.08,
  "t0": 25.75,
  "ut0": 0,
  "alfa": 0,
  "beta": -0.0721,
  "imax": 0.010
 },
 "2": {
  "id": "PT016",
  "r0": 1.00000178,
  "uro": 2.2e-07,
  "kr0": 2.03,
  "t0": 23,
  "uto": 0,
  "alfa": -0.2103,
  "beta": -0.0161,
  "imax": 0.100
 },
 "3": {
  "id": "PT017",
  "r0": 10,
  "uro": 0.14,
  "kr0": 2.04,
  "t0": 23.005,
  "uto": 0.008,
  "alfa": 3.79e-07,
  "beta": -2.46e-08,
  "imax": 0.030
 },
 "4": {
  "id": "PT020",
  "r0": 10000.24365,
  "uro": 0.00012,
  "kr0": 2.03,
  "t0": 0,
  "uto": 0,
  "alfa": 0.028,
  "beta": -0.012,
  "imax": 0.010
 }
}